name,baseMean,log2FoldChange,padj,detection_call,change
MPRIPP1,15.7292257371945,-0.0966337975318864,0.887086558973127,0,NOT
ZNF32,244.749581290747,-1.74648072417021,0.0026046536799184,1,NOT
PABPC1P3,39.0098451184096,-3.96377227370031,1.25035124496787e-18,1,DOWN
PRMT3,554.521730618014,1.60483763102819,6.45439236857245e-09,1,NOT
CHRNB2,7.26690751601622,-0.704969990908105,0.501611512078968,0,NOT
NGEF,0.695675155141546,-1.46067318716966,0.455002661448612,0,NOT
ADK,1063.74763395063,1.63745664753872,2.3904038768724e-05,1,NOT
TRIM59,476.265066136401,0.606117486553089,0.100448454593708,1,NOT
IGKV2OR2-1,2.91416782978162,0.353055471310988,0.862129762058547,0,NOT
,0.61587154351535,-1.06265962728505,0.600449091373549,0,NOT
CDO1,1.53035876813795,-2.03821501326416,0.167186970676005,0,NOT
IQCK,14.2896440364409,0.999407850404237,0.153339782332594,0,NOT
,3.03485706135891,-2.64819028318215,0.0280519840617346,0,DOWN
AKR1B15,1.17213683064664,4.18453374364535,0.0146854751597433,0,UP
L3MBTL4,32.5028074759465,-4.28762115552237,2.15099489684399e-10,1,DOWN
,0.433571123896676,-0.995310405234645,0.601399319666412,0,NOT
ZC2HC1C,36.4599653093115,-1.32937220762356,0.00126143838390857,1,NOT
,1.16374071000087,-1.73236099609211,0.318266759854838,0,NOT
ADH1C,0.598555869594142,2.79805555177881,0.123964097699629,0,NOT
,101.471476168664,1.37901002112081,0.0106797642285478,1,NOT
,6.64478258446106,-0.835040042911167,0.43553252926536,0,NOT
PWP2,958.819126156652,0.276746084233208,0.502646346438573,1,NOT
,13.5890973728621,-2.05252891346671,0.00066955172080236,0,DOWN
SERPINB9,1727.02039106389,-2.31415813086136,4.79657004534609e-06,1,DOWN
,34.0242275214681,-1.9976141755357,0.00535784062244182,0,NOT
SCAF4,1902.58044355077,-1.1223184372225,0.000199143678480492,1,NOT
MIR3671,1.55685759568152,-4.52788043070515,0.00536929414188031,0,DOWN
GATM,485.659499359549,2.2967619178936,6.34229782466416e-12,1,UP
DCHS1,30.8413922443682,-1.78543878693451,0.0115138194281982,0,NOT
SMARCD1,3024.99432411943,-1.38394390227471,7.43356025282692e-06,1,NOT
COQ4,808.840473729833,1.20492724472285,6.1048073347305e-05,1,NOT
,0.430255830558419,-3.00803994407084,0.0960987206171913,0,NOT
,1.29076749167526,-4.84506947257037,0.00356881589434294,0,DOWN
PPIAP22,7798.33719707088,1.90443833192404,9.17006175721643e-10,1,NOT
,8.73146403360877,2.45693785068767,0.0821831886615972,0,NOT
PRKCB,6567.39742469456,-1.36485491226059,0.00073234793228261,1,NOT
SH3GL1P3,79.4114218610983,-4.74407980837648,7.05574235509694e-23,1,DOWN
,1.5744903457263,-0.263698966807454,0.869772823632355,0,NOT
CCNB3,10.258131725354,0.500077382085136,0.568571119541359,0,NOT
,29.6914534892343,-1.31421894767051,0.0862192105422537,1,NOT
,3.28208178535053,-0.662745678011249,0.61374488329642,0,NOT
MBOAT1,277.936736310055,0.619649186492914,0.272149658883125,1,NOT
RN7SL258P,1.43610268765579,-2.29626492346906,0.143763772347813,0,NOT
RDH16,22.9221942716622,-3.15491450001032,1.77591696867241e-07,0,DOWN
RPL5P18,1.31856733668736,0.288772180898487,0.857225275253629,0,NOT
ANP32C,1.27472995186775,1.43039278901461,0.412986001843104,0,NOT
GDA,0.989007761695397,2.18329416905904,0.223659181756698,0,NOT
,1.19030442688721,0.2617935063825,0.893668580917807,0,NOT
,2.41986600196434,2.5198154720994,0.0808890962499702,0,NOT
,0.439753727837993,-1.42470760410783,0.469146713792144,0,NOT
MARK2,1365.07962639367,-0.0379545729275802,0.939540270996472,1,NOT
FTOP1,2.43957419029524,-0.058491237994351,0.977037246965124,0,NOT
GTSE1,817.002027622718,8.24746206347078,2.10964141251663e-52,1,UP
DAK,567.842369709172,1.01596314282778,0.00104720588991334,1,NOT
MFAP4,2.76471107961321,-0.335256884991698,0.822429403522589,0,NOT
CCDC134,271.962288431216,1.02483339120716,0.00102170730655258,1,NOT
RPL9P18,4.30405451518047,-2.11108502097894,0.0513033999641722,0,NOT
APBB1IP,1074.38824678944,0.761342638182756,0.127624853452483,1,NOT
GGPS1,504.01597241053,-0.311432670255181,0.366313404368082,1,NOT
NUP188,2624.47002539292,0.99911431130886,0.00355465411004882,1,NOT
,3.35982909762642,-4.4089271106241,0.00271061695576435,0,DOWN
IFT57,1503.60002476178,-1.04430097072152,5.91833836463939e-05,1,NOT
NSFL1C,1301.21444399374,0.276764808078265,0.388344937592585,1,NOT
TXNL4B,483.106778648082,0.588574906618055,0.0103408167709819,1,NOT
BRI3,609.254214069111,-1.8557466294908,7.23498158446526e-16,1,NOT
TCTN1,171.707948255551,-0.864977191429104,0.139473393425632,1,NOT
C14orf164,1.50102204423358,2.37460529710036,0.164156618085155,0,NOT
,2.32950526048364,-5.37452694256009,0.000611411389417271,0,DOWN
STX11,525.733568635423,0.946557078481594,0.00419868313432455,1,NOT
,0.567645512428428,-0.309702852850791,0.888028424146754,0,NOT
,19.4196568076433,5.11885739876961,3.30352083388735e-10,0,UP
,32.2981034072545,-6.60576552324152,2.47581729099283e-13,1,DOWN
TIMM10B,820.829621037726,-0.691605534846954,0.00867246835190783,1,NOT
GHRLOS,39.9198168520898,0.374543545559846,0.628394532643736,0,NOT
,7.68107841684636,-0.479765679992272,0.679367644833667,0,NOT
,4.36466254087915,-1.42205302125479,0.269583279265753,0,NOT
LOH12CR2,7.65925359393821,2.72117137288628,0.00372392597377482,0,UP
PRADC1,492.749946136623,3.03800869041449,3.68954316408582e-14,1,UP
,25.3909998428377,-2.0332199269866,0.00275121797166617,0,DOWN
COCH,359.218024587686,1.8664604939294,9.35721090267410e-11,1,NOT
C4orf27,379.39943963294,3.55608237024418,2.65671331280756e-20,1,UP
ADCY5,9.72690284945964,2.30420544813656,0.019510585907985,0,UP
MBL1P,5.31321909225321,1.70115451474236,0.303738349992487,0,NOT
ZNF281,1286.31520497464,-1.35870585156658,0.00022880426949738,1,NOT
,27.4990703497532,-3.22736646012549,6.20647021896632e-07,1,DOWN
OFD1,722.500800224018,-2.66576300281127,3.96678997888378e-24,1,DOWN
,0.614442246715261,-0.150797019749743,0.949374632413714,0,NOT
,2.18562574028501,-5.57936251655776,0.000452958722706039,0,DOWN
RHBDF2,2599.04740759953,-2.15422422041424,1.13394925246046e-15,1,DOWN
,14.1018917107968,1.82975236780315,0.0175578953347954,0,NOT
MAST1,4.62904809100598,0.543338258057593,0.593891924359844,0,NOT
TMEM161BP1,1.60087430883183,2.20077425786801,0.213894235268863,0,NOT
CHD1L,951.508072782599,0.69286094766382,0.0066717634253501,1,NOT
ISM1,1.52509541067995,-2.46877382573981,0.147979292423033,0,NOT
PTPN4,631.262558771188,-1.03336079203228,0.000922020741446678,1,NOT
SIAH1,283.056881047776,-2.24289050544347,4.07494826697243e-09,1,DOWN
SPRYD7,251.609743004777,1.0715897436519,0.00012300625600017,1,NOT
UBE2R2,1582.16531272263,-0.885930681756497,0.0635395613190087,1,NOT
EIF4E3,491.351577611847,1.54782229449777,0.0245022713466379,1,NOT
,7.88180978854504,-3.44209506921498,5.44180712886501e-05,0,DOWN
CBS,215.747139781391,6.50143755005884,2.67665595985314e-19,1,UP
,1.10215417288275,-0.677928337369692,0.748148536743759,0,NOT
,3.30273700726348,2.01700412614356,0.158501227946661,0,NOT
SQLE,2311.72515645291,2.25317295563099,2.79385777348873e-06,1,UP
,5.89437542698906,2.05110872907462,0.076977514198664,0,NOT
H3F3AP4,14157.9764067996,-0.161273481016578,0.63855173329261,1,NOT
LCN8,148.144994491611,-1.5137706165797,0.421936957253933,1,NOT
FGD5-AS1,2603.88692651988,-0.873422302183531,0.000401099008642182,1,NOT
RNU6-39P,1.60958776143678,1.2108049106063,0.467539510083222,0,NOT
ENTPD5,339.643794010041,1.58086328267573,2.40003500731186e-08,1,NOT
ADRM1,1491.64949966034,0.852933168740112,0.0216422040761965,1,NOT
PLCB3,211.062880653482,1.83903824062672,7.9871522641273e-11,1,NOT
,54.416899351186,-4.62778687261594,1.96429744160311e-19,1,DOWN
IQSEC2,18.4806092027454,-1.73716893023814,0.0133607976853031,0,NOT
TWF2,308.76624823552,2.12968772440309,4.1605416339355e-06,1,UP
MRPL35P2,0.992160012455282,1.57018530609879,0.407551545995471,0,NOT
FAM85B,3.09868305323371,0.3045022955718,0.826747762734914,0,NOT
RNU4-39P,1.17675619423712,-1.97392029507901,0.234715499019719,0,NOT
PRKRIRP7,284.075362139319,-1.65460870475983,9.34871184871968e-10,1,NOT
,1.86437337273167,0.273562140243294,0.888917428521764,0,NOT
PRDX2,1864.9789816921,3.10875003457983,6.37090827824359e-19,1,UP
TP53I11,524.248834302312,-6.09576008101738,9.34592316133028e-50,1,DOWN
FGD3,971.565751092928,-1.01946137826666,0.000433678303820004,1,NOT
FRA10AC1,451.536289774166,0.847805631794538,0.00233435720328852,1,NOT
PAICSP4,23.3191673331204,6.13990965320788,1.71851801506545e-09,0,UP
RAB28,432.850556365989,0.930344891227395,7.5880111144305e-05,1,NOT
,6.42332266390099,1.08255382420474,0.532794684745842,0,NOT
,1.58031798329612,3.4216984019992,0.0297396952166596,0,UP
CSTF1,895.29816364676,1.33845330621961,3.23946766573428e-05,1,NOT
,25.1042841804014,-4.88343906633821,6.46463051342941e-13,1,DOWN
,1.8747298334302,-0.117591997871881,0.957472885780263,0,NOT
MAD2L2,671.900776429213,1.08755098602045,0.000469126515732389,1,NOT
TFG,2726.20699236986,-0.446009119725612,0.0878853011228629,1,NOT
TMEM150C,3.3363395746373,-0.136676196494587,0.930236986257364,0,NOT
CASK-AS1,0.472121039475015,-2.034273951977,0.277671205968497,0,NOT
,4.9355554312833,3.48282861615484,0.00549267897147468,0,UP
,0.795472764060113,-3.16978064056648,0.0721314176432817,0,NOT
NGDN,1202.52147829131,-1.33295420259208,7.73424978263679e-09,1,NOT
DDX11-AS1,14.0022456203758,4.24698670384001,6.67947893905532e-07,0,UP
DUSP28,268.871944635142,-1.57426239005157,0.000164508250173436,1,NOT
CYP51A1P1,26.1915204143201,2.16738581495366,0.00164155712891448,0,UP
SNX25,1405.51280310931,-0.692980204963956,0.0996488150958322,1,NOT
,1.36926629551149,-1.12073089667452,0.551521297732172,0,NOT
JKAMP,1323.48789299525,1.11543070425416,0.00469442714027445,1,NOT
,4.26432921185228,0.0744790354673648,0.96182919153553,0,NOT
C2orf50,0.723875009260793,0.143707723232942,0.948555731380645,0,NOT
HP,1.00078814674833,0.433389562212211,0.816643742689214,0,NOT
RN7SL608P,10.7044864932424,-3.00019356328113,2.36899806077113e-05,0,DOWN
,711.109295025651,-2.89066136884062,3.96252598997865e-09,1,DOWN
SPIN1,1040.32820603504,-0.384168500643557,0.2910918388602,1,NOT
TSC22D1,228.52017980037,-1.64032039734694,1.88336653641903e-05,1,NOT
RNU2-7P,1.14956885403424,-2.31361436839667,0.153905353635841,0,NOT
,3.91592367178419,-4.0455864376603,0.000864582539858938,0,DOWN
CRYBB2,15.9350675012856,1.02353616254988,0.164355259295916,0,NOT
,101.696704236067,1.27752433954774,0.00372365553389888,1,NOT
HNRNPA3P13,0.446333749102396,0.551663689337252,0.795382525031576,0,NOT
,23.4366896172282,0.848950737335157,0.0977984882454959,0,NOT
NAP1L1,14255.9334612461,-0.794396683003423,0.00722136864196435,1,NOT
,1.59912568057154,-2.57670173291144,0.127459799016705,0,NOT
TMPRSS2,3.17285924778097,-2.06321872574792,0.233846056110727,0,NOT
SHISA2,61.3579335641896,7.60129154976207,1.09327085345e-10,1,UP
AHDC1,314.702156970958,-1.99175544364993,1.81542854377581e-06,1,NOT
LLPH,324.187481509222,0.118533533426565,0.732444238188518,1,NOT
SNORD116-2,1.72267692578214,0.741244737787343,0.647219800600039,0,NOT
DHX9,8439.77230809903,-0.70690308156927,0.11952411438908,1,NOT
TDG,2015.82178610764,0.790498377172121,0.00242508488114745,1,NOT
HNRNPA1P62,0.48784346459531,-2.80632988299616,0.125403504540244,0,NOT
,6.55457311416924,0.820472114267268,0.354055748063335,0,NOT
,9.84686459182268,0.197774600170069,0.869629644975856,0,NOT
,0.437667922091385,-1.42369626928368,0.469718257809401,0,NOT
SLC39A4,142.50050606153,1.50538963106645,0.0137003101124268,1,NOT
,3.39391055530788,1.81298273938647,0.191777715587475,0,NOT
RNU7-140P,2.34432198333507,-5.01467218052095,0.00109954856651526,0,DOWN
TGFBRAP1,1550.97252479211,-1.41843796767425,0.000112517862599847,1,NOT
,2.22518358410311,-2.4340193045669,0.0800384918822074,0,NOT
,1.46712688097273,-1.88292323414089,0.300057846153017,0,NOT
TNFRSF10A,537.221195046327,-1.31429567775601,0.00116238304648683,1,NOT
KRT18P4,3.19688908987265,-1.04246761357483,0.442566439123148,0,NOT
URB1,926.832618797667,2.54022200881042,1.03927650023686e-16,1,UP
,6.75482227649679,-3.15851482511601,0.00259432319860377,0,DOWN
,3.55439810164945,2.27050896723596,0.0950340724172345,0,NOT
POLG2,393.234759538084,-0.325186670895442,0.524789480849101,1,NOT
MIR4645,2.1936776223971,-4.09031194969925,0.00548738075107064,0,DOWN
PBXIP1,3408.67365961634,-2.34063365784119,1.67076902426217e-09,1,DOWN
BDNF,1.67525683347466,1.33179737785293,0.477469282024767,0,NOT
C6orf1,292.735993172892,0.507583342667232,0.105391261828602,1,NOT
C17orf62,6267.69985097088,2.22854832045031,1.02171235446429e-09,1,UP
PAF1,1597.94180242824,-0.0880260303458214,0.843709829353107,1,NOT
RPL31,34216.1756393675,-1.92361136373764,0.00179552173749374,1,NOT
TCEA1P2,1615.94231169906,1.2458276382809,7.96040820505186e-05,1,NOT
PELI1,4988.78684430752,-3.93725798096664,1.57036929281632e-30,1,DOWN
YES1,98.0330695220904,1.19242825790189,0.0298871321981334,1,NOT
CLIC5,137.706361027586,5.30212298675063,1.13930287858933e-23,1,UP
,0.437534841136445,0,1,0,NOT
DPYSL3,1.92238674388809,4.28257765691186,0.00684695167730791,0,UP
,4.77533329820614,-5.33491725821153,4.69601178967729e-05,0,DOWN
,0.855627495236895,-3.60585888938694,0.0435330958762036,0,DOWN
WNK1,5648.23092575047,0.149100529747068,0.78155772022062,1,NOT
LSM2,1310.29029603295,2.70755734844058,5.49211021418514e-09,1,UP
TNRC6C-AS1,127.505568224694,-2.07287700195094,2.30561258347591e-08,1,DOWN
PHF12,2485.65475083686,-1.46866359549465,1.10051337378054e-06,1,NOT
LINC00174,184.771379989902,-0.148844169954032,0.809814347390709,1,NOT
CABP7,10.2435831958963,-1.96861088732438,0.00233901839785264,0,NOT
C4BPB,3.27427316119451,0.896348561486537,0.537110576424279,0,NOT
BOLA2,0.49050203066471,0.683911914141226,0.742128290853778,0,NOT
CPLX1,4.29511222662132,0.0741157494817265,0.955564881831616,0,NOT
DHTKD1,1363.63035885121,0.383623326738076,0.24787773857848,1,NOT
HIATL1,1827.57103422886,2.08855214209804,1.64699958695969e-08,1,UP
DNPEP,1424.08076398418,0.105338123951398,0.718915537879769,1,NOT
CYP2E1,51.5060640916673,-3.30377732517368,1.35410915074037e-05,0,DOWN
FOCAD,971.266630406172,3.73186130728926,9.32376260526548e-33,1,UP
MIRLET7I,0.664300893109144,-0.54220927260621,0.799081589661547,0,NOT
SLFN5,2503.53249483955,1.51433142425555,0.178652786602011,1,NOT
,35.4617598085494,-1.11552311822622,0.0736939996781718,0,NOT
RPS7,61315.8432827012,-1.34450468068068,0.0533039979412924,1,NOT
,14.3647392364033,-2.12157825152825,0.000427225348626639,0,DOWN
,18.5062858012093,-2.8534695351925,2.58326140609794e-05,0,DOWN
DLEU7-AS1,0.533512696349096,-1.65445703302991,0.389032621476558,0,NOT
,0.603650281025351,-1.02996593312266,0.606271697159739,0,NOT
BAG2,520.985897561613,1.56696752177714,6.32630276718255e-08,1,NOT
,2.15777954382406,-4.15138431231188,0.00625003623025159,0,DOWN
IGHV3-73,8732.73232553194,3.10051001950743,3.95344539743288e-05,1,UP
SAA4,0.726827012913803,-3.45858925534388,0.0511960760030247,0,NOT
MNT,703.962979387987,-1.21139389656802,0.00156130696071473,1,NOT
LGALS9C,3.66999105341984,-1.03675098262197,0.477625848564952,0,NOT
,2.9230313579925,0.944646793632275,0.46385042965327,0,NOT
SLC1A1,117.4865669128,7.33895057559855,1.63341598176829e-17,1,UP
,3.33011797560861,-0.412075634555002,0.733166643026631,0,NOT
ORM2,9.96088019200673,-1.35394722102615,0.0891120784039681,0,NOT
,3.03904214866128,1.26777272483777,0.364461221800834,0,NOT
ZNF860,165.268648483704,1.97416113548386,2.31522973736164e-06,1,NOT
KCNIP2-AS1,2.96618257447403,-1.12045232221097,0.404945396493751,0,NOT
RHOBTB1,2.91605195789744,-2.60243683571684,0.0311332644405646,0,DOWN
SVIP,1651.98604270351,-0.349086576110596,0.556626041826538,1,NOT
WTIP,10.0758760760482,0.493538734796039,0.657379147880839,0,NOT
SLC9A7,573.651353875776,-2.28412127183446,4.44398342616514e-07,1,DOWN
MTCYBP3,1.03201433554254,-2.69277039737071,0.134280852870063,0,NOT
ZXDC,779.789141680332,-1.78112789307161,3.36217691343147e-13,1,NOT
EIF4G1,12983.8735352997,1.14721706413127,0.015479065947035,1,NOT
,1.32334353239801,-1.8121683475527,0.264542501256095,0,NOT
CLEC1B,1.07926285637882,-3.91174011450838,0.0270101955460783,0,DOWN
,2.82810213338367,2.46130241818177,0.0899777090114432,0,NOT
AKAP10,870.864684487407,0.0730086856517713,0.799715948456862,1,NOT
,3.87475658173804,-3.77104686885894,0.00418817795070649,0,DOWN
APEX2,623.989874396854,2.14967123110422,5.07439471775049e-09,1,UP
ST20,40.7774648512664,0.860388319763267,0.126837529153287,1,NOT
,3.55378732590225,1.4836486998625,0.248418585590876,0,NOT
SEMA6B,1.93149883531674,-4.81796001223812,0.00226023967010546,0,DOWN
,3.14763627286847,-2.32123037189227,0.0513002875879296,0,NOT
,2.81585041774926,-3.90619688026255,0.00270299644994132,0,DOWN
DMTN,9.76685829962972,-3.74171778727094,3.43760473893029e-05,0,DOWN
SLC24A1,221.721122557556,-1.35713780744088,2.8178173327729e-05,1,NOT
GPATCH8,3136.07949256663,-1.75220505327251,3.01001138666778e-11,1,NOT
KRTAP5-7,0.708239729621337,-0.0297732769028369,0.994069691309051,0,NOT
,7.9830643669831,-0.939679298830585,0.402498647477327,0,NOT
TEKT1,11.1783395071666,-0.766307689563073,0.602779046232904,0,NOT
BUB1B,1279.63484429049,6.57697039772976,5.9251106424519e-67,1,UP
TMCO1,2704.79878621239,2.16592308793347,7.90643004830294e-10,1,UP
MEF2D,6528.78034958875,-1.68698316286936,2.82822702472876e-09,1,NOT
RN7SL395P,1.50713167443957,-4.5591488023361,0.00451592636225092,0,DOWN
RPTOR,810.622501235234,0.249524064698065,0.619245585236445,1,NOT
,9.98498532998021,2.11284280190569,0.0551732405572392,0,NOT
WBP11P1,2.87179704509565,-1.97633882851923,0.108856373012128,0,NOT
FAM171A2,0.464153616192275,0.0542301838544384,0.984953417000396,0,NOT
ARL4A,1150.72433548557,-3.75879974988701,1.06464667878427e-12,1,DOWN
ABCB10P4,0.460007582358001,0.884768036448783,0.666414637749928,0,NOT
YIPF5,2337.5330976032,1.52387731869407,3.3680507054134e-05,1,NOT
HCST,398.443103191352,1.61243837996975,9.795147194325e-05,1,NOT
GEMIN6,342.046719401356,3.94017741692288,9.86830922121237e-22,1,UP
PI4KAP1,653.473660455972,-1.2903078952406,0.0108596151259201,1,NOT
,0.697470746889828,-3.17033729700769,0.0799272216193191,0,NOT
LPIN1,3506.34468155093,1.54472293603552,0.0012779226253956,1,NOT
,85.3852577987633,2.75704954309507,2.83014856624314e-09,1,UP
TRAJ10,1.24435453695354,1.46580012894711,0.395359082992541,0,NOT
SLC30A5,1777.15929998059,1.19269503063646,6.71068112357218e-05,1,NOT
,4.48906213583279,-3.04699822787476,0.00966671634850038,0,DOWN
PIN4P1,2.34411570528151,0.803897668224374,0.562596277058088,0,NOT
GPRC5C,3.86163099075064,-1.52869368688429,0.252045354159061,0,NOT
IGHVII-60-1,15.5664337834342,2.67004368549322,0.0421568653746783,0,UP
RNU5F-1,1.91336588978658,-0.325170421728852,0.849354034573345,0,NOT
RPL15,46819.5801648205,-1.08793275407822,0.014004430642177,1,NOT
SPTAN1,5801.77631961211,0.0468708946150591,0.890729017271094,1,NOT
PDCD5,1036.61290627088,2.62882861125268,7.99514867561906e-26,1,UP
BEST1,34.4620117519715,-3.00167593467542,5.47797586447383e-11,1,DOWN
,8.27953483728035,-0.847991221365898,0.345248468352796,0,NOT
ABT1,1460.67035564088,-0.169776572522682,0.472883108614379,1,NOT
FBXL19-AS1,54.487768879245,0.896983014456843,0.211833476573646,1,NOT
KLHL32,23.1515073023517,0.181042506030277,0.835613410704632,0,NOT
,6203.9628521593,-1.24978306092093,0.00311937189442324,1,NOT
,121.572873170761,-2.80874304608766,4.23806929921952e-10,1,DOWN
C9orf129,158.249453860813,1.58647862185518,0.00057067445908077,1,NOT
,9.00742306904392,-4.75970799900339,2.85162054628418e-08,0,DOWN
,1.29649017909968,-2.82917664933091,0.0695167697041034,0,NOT
,3.51772379813657,-1.99011629239553,0.0827883179961822,0,NOT
,58.7276448695699,-2.02826763151894,1.46243741951434e-07,1,DOWN
GBP4,217.480806400287,-2.97996839232816,1.1894159869213e-07,1,DOWN
HMGB1P1,62.7527488023343,1.32442979710301,0.000664910505108709,1,NOT
SCN8A,5.48103565391704,0.280476902733874,0.803609083177437,0,NOT
RNU6-795P,0.68102268955246,-2.26939674379371,0.209334874933455,0,NOT
AMIGO1,18.571039552044,-1.79694944390363,0.0113286313448831,0,NOT
,75.3922877167812,3.37942565820618,1.63904447556508e-05,1,UP
C2orf15,7.01052766148269,0.452713872668324,0.623680492803845,0,NOT
,3.46061467472203,0.853228035448843,0.553574415687758,0,NOT
SH2D2A,34.8310208520552,2.89529509943881,0.000175760910078881,1,UP
EGFL8,2.49284289721237,0.884502623515542,0.5696848594652,0,NOT
DISP2,11.003314351339,-0.189799349450899,0.824869808559554,0,NOT
RPL23AP53,49.9751515769564,2.03252933107957,4.68261911204046e-08,1,UP
ALDH4A1,94.9258683227503,2.75685054511852,2.4694944685759e-10,1,UP
RNU5B-2P,3.92023570306083,-1.5116895093309,0.175126770490879,0,NOT
ATRN,1083.55333985025,0.843103375583742,0.0802344217317825,1,NOT
,0.674029918242453,0.461594490203168,0.831165292863055,0,NOT
TMEM132B,4.72696741917045,-0.723268508692662,0.627361546356649,0,NOT
BRD7P2,149.374852088161,0.573671299407246,0.205813396576379,1,NOT
PGRMC1,657.6632468315,1.46326109763929,8.16257260336013e-05,1,NOT
RPL23AP2,38.0456024093394,-1.2206796829204,0.0424349376902961,1,NOT
UBE2Q2P2,51.0213790641287,-0.487698450285773,0.392260179974974,1,NOT
FAM76B,1811.89717643676,-2.14600672941775,5.24670701875677e-15,1,DOWN
SEPT4,4.35083316362007,0.214273154021042,0.877383940569316,0,NOT
,1.11999263595677,-3.82291311589196,0.0294498765302296,0,DOWN
WDR27,322.966814175377,-0.0094453424089674,0.994869542648984,1,NOT
,0.993723360564879,-1.63561143547406,0.346851729120061,0,NOT
FDX1,990.461076929824,0.131761229065735,0.694530416278376,1,NOT
TAF15,2453.69313026232,1.11452035285341,0.00817087137892521,1,NOT
,370.026500321827,0.0884823130679444,0.809341289159714,1,NOT
ZCCHC14,102.313787695285,-1.73052179382395,6.78752760890515e-06,1,NOT
,1.61366840113214,-4.27421637381178,0.0094445941214796,0,DOWN
NDUFA11,180.433570567235,1.76195882191444,0.000787245599095014,1,NOT
,0.674533626422426,-0.87227607423053,0.670241123781736,0,NOT
,1280.34331101177,0.475328317603519,0.127496792549381,1,NOT
OR1H1P,1.27150224859101,-1.55629503586033,0.378500639677182,0,NOT
QTRT1,586.064892439836,0.362575597704639,0.284400372257136,1,NOT
LRPPRC,3704.14529281336,0.915530712322942,0.0099210209380741,1,NOT
HIST4H4,183.843223636114,-0.599397125628492,0.408536041228377,1,NOT
TMEM9B-AS1,36.2622131062133,-1.35270145000939,0.0650330016334062,0,NOT
ARG2,43.5687946829559,1.51053169146794,0.00231548183961306,1,NOT
RAB4B,96.5056506554734,-0.716653727682784,0.0249243779614939,1,NOT
IST1,5950.62181284615,-2.1669190499214,2.75084820488654e-23,1,DOWN
CMTM4,32.5721825131066,0.643742493699278,0.265537466105693,0,NOT
CALML6,3.05354046084195,-0.623624641946512,0.675367472432386,0,NOT
,10.8069883512434,0.197108724236243,0.921798342840446,0,NOT
,2.17494486305265,2.6185188362126,0.0855224124471924,0,NOT
ARL5B,2383.3585383033,-0.759911419127724,0.0351893773344007,1,NOT
CD96,223.117166076495,1.50934583767202,0.000944614718336975,1,NOT
IGHJ3P,1207.04193699919,0.711378552782625,0.178610157804284,1,NOT
PSENEN,269.569031369012,2.1382006599084,4.00760676831947e-06,1,UP
ITGA3,309.951705256625,1.6174159763165,1.62186910105096e-05,1,NOT
SHPRH,688.478147388869,-0.68796302181649,0.00773375909299415,1,NOT
GTF3C4,1545.11273570682,-1.11750119778182,0.00805017719450388,1,NOT
,478.162399871263,-1.84950641717433,0.00487434227180335,1,NOT
METTL12,48.5814315541192,1.31498516178941,0.00305490831358685,1,NOT
VEPH1,1.21247874863711,-1.36710264151788,0.463994906921055,0,NOT
,0.449093329053512,0.483755061913963,0.819593413463057,0,NOT
,2.03347584758529,-4.82659943170445,0.00363131402681548,0,DOWN
,0.672579003300623,-0.886832520687743,0.664964946114181,0,NOT
STX18,703.461899197493,0.416991977487987,0.148555591952302,1,NOT
RPL19,67164.6237348123,-1.34096112669459,0.00301210292203498,1,NOT
UBE2L6,4090.57678811052,1.84110870284168,4.42181502753864e-08,1,NOT
AP1G2,936.973472071729,-0.828337899505191,0.0317441247669905,1,NOT
,0.735981501520102,-0.196830181200873,0.925312048829694,0,NOT
ENO1-AS1,3.43690470157473,-0.58399996070107,0.647002352709228,0,NOT
ADAMTS7P1,5.42879355131113,-2.19718178110521,0.0775059057029022,0,NOT
ZDHHC20P1,1.30984768529598,-3.59682856850704,0.0277385117223458,0,DOWN
ZNF558,304.875323916188,0.790769255385468,0.0865658545508492,1,NOT
TIMM50,1012.05449024516,0.834399151433415,0.000157602491983586,1,NOT
,2.52333983056845,-3.16294211021047,0.0437080622321069,0,DOWN
IGKV1D-17,4352.9427319468,3.62910738885157,1.25768092016231e-08,1,UP
AREG,89.675574502356,-7.26124407425453,2.83062777591545e-26,1,DOWN
MCOLN1,286.607544753629,1.48299865195201,0.00115502343779941,1,NOT
EDNRB-AS1,2.84332642892478,-1.22718163994155,0.464739054454984,0,NOT
MIR3174,0.65348769398578,-2.38945548989114,0.199229738015642,0,NOT
,0.437069490136964,-1.19827721030427,0.549939631885425,0,NOT
LINC00618,3.05850639463055,0.401416881212372,0.751317415016255,0,NOT
NIFK-AS1,55.6435447229529,1.59212172212373,0.000285484529939151,1,NOT
CCR3,2.39424767476209,2.63451797560171,0.0642008850686159,0,NOT
,24.5291241354261,-0.692518695719853,0.309954245271827,0,NOT
,50.3473632644749,2.1944741991159,0.0204372611448525,0,UP
TRAPPC4,956.761885416123,1.0681158316589,4.88826432845924e-07,1,NOT
ABHD12B,0.438010593310401,-1.58457273602225,0.407285991390473,0,NOT
,3.13451123645566,-1.91054009720772,0.0918080179225978,0,NOT
,2.41647405489584,0.597726178750366,0.705690126198192,0,NOT
BCL2A1,289.925529389329,-3.08890251719089,1.81840847083858e-06,1,DOWN
SNRPE,1927.11166092034,1.1377275823626,0.0256470011810675,1,NOT
NAIF1,300.091228617939,-0.184382238115752,0.681876971069734,1,NOT
,1.19350641582176,-1.49233094025827,0.350020162026356,0,NOT
PRKCQ-AS1,18.8940894473372,3.60020417979382,6.29103648938985e-06,0,UP
,1.14227762966545,-1.09334096847783,0.580831197468456,0,NOT
ITFG1,1293.49572278921,0.922303468871163,0.0173418596469223,1,NOT
RLIMP1,3.20701520475237,-2.68801776548325,0.040191896081239,0,DOWN
PIGW,268.505211769028,0.940564582021012,0.00208641305245099,1,NOT
HLA-DPB1,8642.85039136736,-2.28659448327297,1.52197007739986e-07,1,DOWN
LYSMD2,99.0952459935497,-3.1616845721794,9.55930281042682e-09,1,DOWN
MLLT4,1403.47135050311,-1.47867009124223,6.89679500496495e-13,1,NOT
PROCA1,54.4615703235791,0.0304775302042585,0.973130614864983,0,NOT
ZNF600,509.315958710907,-0.860904723826263,0.0223187254605943,1,NOT
RN7SKP127,0.949409201772245,-1.91093764012011,0.284252559510123,0,NOT
KDM8,158.128294091433,0.452423354441028,0.177381759783425,1,NOT
,5.98269318105711,2.25155980267503,0.0377868649548644,0,UP
C1orf56,54.8103753070412,1.09143498504046,0.0228692152435152,0,NOT
TBC1D20,1705.76924576291,-1.06051480040999,3.15168463627445e-05,1,NOT
,13.678139164134,-2.05244358979685,0.00981916322377199,0,DOWN
DGUOK,748.543088471688,2.00965341538582,3.79530530463857e-21,1,UP
,1.58273610698784,-0.46484494435038,0.79335779803042,0,NOT
EFR3A,3311.70550523945,-0.872473399257197,0.00829459781848083,1,NOT
ZNF415,17.2308238969809,-2.56654480063446,0.00195123645023878,0,DOWN
,2.24722898030461,1.48792395559689,0.276182885684066,0,NOT
NEUROD2,1.7372416993158,-2.47958621381061,0.0844413245413865,0,NOT
IGHV3-37,41.943208175092,3.02359605428754,0.00499423474288365,0,UP
ANKK1,12.4105506571919,-5.17847094527849,1.54298636842674e-08,0,DOWN
,6.27926690613481,-2.72215567114642,0.00110451839385298,0,DOWN
,4.20070712781889,-1.31061239666587,0.28250134428944,0,NOT
DNAAF1,17.3233784543393,-2.83645966031555,0.000353775466633466,0,DOWN
SHFM1P1,1.49007752697678,3.1869495888339,0.0504289623648563,0,NOT
TANC2,126.748205219729,-2.17989004139914,9.83577500529953e-05,1,DOWN
IGKV3-20,408506.352887721,2.30797171369365,0.00186227611035071,1,UP
ZNF658B,100.430742076918,1.20586325001341,0.000219962944233249,1,NOT
GLOD4,983.460132409343,-0.487045170701344,0.140324653477229,1,NOT
,2.15874772116337,-3.54339425077599,0.0146984720317406,0,DOWN
MIR5581,3.41727379465081,-1.22927978136275,0.314392777420947,0,NOT
SF3B5,2609.29796364253,0.498008699561719,0.135474245280913,1,NOT
,6.45711884773722,-3.55537418273406,0.000152025735815534,0,DOWN
MRPL45,940.833655691575,1.06053565327723,0.0018316134523913,1,NOT
,81.6703088710402,-4.84251533343381,1.87957735720568e-21,1,DOWN
ANP32BP1,11.5188680965485,0.405336599221797,0.566524833872382,0,NOT
PPT2,19.50078884295,1.92767887531612,0.00158530017667317,0,NOT
AGAP1,5.73161848804997,1.54424558261268,0.161925523718905,0,NOT
IRX5,0.88220872260323,3.12094595278785,0.0800219966330969,0,NOT
,34.4276236731671,2.06159699732206,4.77267423605113e-06,1,UP
SNORD7,0.530000683452978,-0.193746087651805,0.930987415942323,0,NOT
BMS1P12,41.0473921213715,0.569549061695016,0.48972914642091,0,NOT
,19.3268661630582,-0.793987176536332,0.210946778569881,0,NOT
CAHM,4.95840012596132,-1.81567825309239,0.108004290475668,0,NOT
TMEM200A,233.094883811043,5.00954357870347,7.16513038580788e-19,1,UP
LY96,946.736027125068,-0.279563232209306,0.747214940585982,1,NOT
RPL9P33,2.68526833035971,-2.43105268625491,0.0685533709735864,0,NOT
C1orf50,319.697455803233,-0.169350448502641,0.725429209261919,1,NOT
RPS7P11,4628.81294250921,-1.16045988895134,0.0995290845623084,1,NOT
KIF3B,1836.51958963764,1.30808989858991,0.000857173478394551,1,NOT
FSTL3,17.2219491950656,1.1868198468422,0.065097219142511,0,NOT
,64.4135421009559,-4.39030020526075,1.43817399959965e-10,1,DOWN
DSEL,0.970436447853008,-1.1896067273412,0.526771046316522,0,NOT
USP12PY,1.14490554751215,-1.12548396965017,0.47621566853337,0,NOT
,7.03653389753503,2.05427120322021,0.0353262569126081,0,UP
,12.2664153695655,-2.10427831782209,0.00294819590958986,0,DOWN
RPL9P29,5.31213619645377,0.357297085124465,0.759379877731321,0,NOT
LINC01055,0.445818808611345,0.935752976931869,0.644700530837334,0,NOT
RNF181,1535.68366956588,1.5742966952844,2.81376939618502e-05,1,NOT
GDF7,181.661201420074,-6.41406127993669,3.48027078827219e-06,1,DOWN
C6orf136,347.676202485903,-0.913319044998438,0.00127022564332534,1,NOT
KLHL33,0.575697185258216,-0.716526911107054,0.733174320663736,0,NOT
,1.71113178039152,-0.654508718065512,0.663657776245084,0,NOT
MTR,1425.23881988572,-0.618085636379833,0.0237147178820596,1,NOT
ECSIT,442.12702833127,0.482711298630356,0.177524734545198,1,NOT
,2.34169337790971,1.91332386045777,0.26046998721539,0,NOT
OTX1,1.61097468778587,2.67878708794295,0.107690931422078,0,NOT
,15.6292571127302,-6.15138236677525,2.58625258513172e-12,0,DOWN
,8.27858266629316,0.782418243733083,0.328668897927662,0,NOT
,3.04388800725986,0.143235324066226,0.930021420768928,0,NOT
GPR31,0.809473080827765,-2.07418933873812,0.256756994188906,0,NOT
ASPSCR1,474.629297915436,-0.99088083856779,0.000607087367380676,1,NOT
TBX10,1.16991337836509,0.0337011420911152,0.991761021376297,0,NOT
,3.53961329341194,-3.20972424008197,0.00675638474736236,0,DOWN
TAPSAR1,604.190626222951,1.75650058785002,1.35103988592878e-08,1,NOT
,15.6346670328212,-0.964790025604526,0.123492821789966,0,NOT
BLVRA,215.220228596399,1.12500106276308,0.0150546565013427,1,NOT
GRK7,6.34019557902156,-4.49651096103502,1.57399599811448e-05,0,DOWN
,1.02429449708416,-0.985801165105862,0.593643697310132,0,NOT
C3orf35,41.9209132043076,-3.91157978409272,7.05227413410464e-09,1,DOWN
BUB1,3560.36296563216,8.12937187053437,1.31748269394808e-91,1,UP
,3.19173197209723,3.04366251731334,0.049177700384402,0,UP
BCL9L,576.409371185566,-2.2892124601336,1.00016524728993e-05,1,DOWN
,30.852772663295,-3.42185259685557,2.74812204065798e-06,1,DOWN
CYP1A1,10.1024109400672,5.45390397928797,2.81484595750187e-07,0,UP
MT-TA,6.2577194096901,-1.17446221923389,0.264676696299184,0,NOT
SMG7-AS1,8.12064493238,0.501693410481245,0.556238991173698,0,NOT
GLYATL1P1,6.62632721283099,-3.70986699191582,0.00066955172080236,0,DOWN
SOAT2,1.16820320817056,-0.757668115429634,0.678202366291435,0,NOT
FBL,4167.18438941396,0.59331397041647,0.186076979590182,1,NOT
HMGB3P4,3.17638713396494,-4.81705206331659,0.000500013083266847,0,DOWN
,0.43322083538716,2.77064795474294,0.125465757761901,0,NOT
CA5A,0.917725483554433,-3.02181501501132,0.0809276348339801,0,NOT
HSFX2,2.25537075571176,-0.113484014133548,0.948265447887519,0,NOT
KIR3DX1,43.5378449135703,3.48376956124359,2.6317583914159e-06,1,UP
MAPK8IP2,9.16923381095598,-1.69885861039702,0.0556410761009079,0,NOT
YWHAQ,6385.99959777237,0.742553509861903,0.00522876795437365,1,NOT
TBX6,18.2914168504075,0.349365148216832,0.620429568589524,0,NOT
LINC00632,2.90205427481611,3.7839974111367,0.00983342565224653,0,UP
,0.934258498100623,2.37667343026489,0.184247372587231,0,NOT
IKZF4,191.712756582266,0.579577729298794,0.107008948303731,1,NOT
BRD1,1449.8051823477,-1.49031473695763,3.08219806114822e-08,1,NOT
ITGB1,8342.81206658158,1.08749207013249,0.0153558149650992,1,NOT
TMEM187,71.8298102327612,2.01179844228844,7.74998674103247e-05,1,UP
,8.22378559549049,-1.23910071288649,0.127943660141364,0,NOT
OR1Q1,0.986313594063741,-0.82798710300816,0.672364569035477,0,NOT
C19orf71,41.5043502037094,-0.70780990894629,0.277799799607625,0,NOT
,0.534929962762707,-1.13294189790076,0.574030033646035,0,NOT
RN7SL436P,0.793051420340512,-3.43893468758045,0.055230696199648,0,NOT
C16orf96,15.4688876108616,-4.06228943295176,1.42296124247139e-08,0,DOWN
,2.23559047791866,-5.57510377752367,0.000472000441055014,0,DOWN
SNRPA1,2424.25775988528,-1.38749719004836,4.3352736172852e-09,1,NOT
RNF183,39.9001615651613,7.70754771263822,3.68453676777947e-12,1,UP
SLC17A5,646.016944619998,-0.262938722606649,0.519718291340736,1,NOT
CICP13,30.8318189303625,-0.974724654125248,0.130782844656998,0,NOT
,53.1692066516706,-5.44303723748827,7.525240054182e-23,1,DOWN
SKIV2L,1513.18326145837,0.179692790071031,0.43656126445135,1,NOT
TKT,5064.10058180592,2.56982648667891,1.10878143816118e-08,1,UP
,5.2779111847268,-2.1329986200388,0.0313093933597537,0,DOWN
OPTN,1429.13736507009,0.473830769108221,0.296963482227987,1,NOT
ZNF672,790.828836952132,0.0514600501278886,0.903204265287984,1,NOT
AKR1C2,0.530298633804083,-1.32776720303522,0.498699018034463,0,NOT
,0.826539343324326,1.63245804035647,0.393864875810604,0,NOT
DAPP1,2330.4922572898,0.304633061772231,0.314653810285656,1,NOT
,32.5587720526088,-0.565015030285609,0.298176211084517,0,NOT
,2.61425464639241,-3.0891936247674,0.0297982781433084,0,DOWN
GOLGA6D,3.6409085962635,-2.20381593789514,0.109821429076912,0,NOT
PRKDC,6165.02680368804,1.38102345307889,0.00160116945573639,1,NOT
,834.058911087237,-2.57916129180266,5.26604413025882e-09,1,DOWN
,12.2240134352029,3.30543794681179,0.000659037506727118,0,UP
,0.462374974001622,-1.99503218274864,0.29242683820953,0,NOT
GRASP,3935.60151765657,-13.647943760315,1.24590201583161e-98,1,DOWN
,28.9229570599727,-1.97918874489905,0.00139435364934092,0,NOT
NOTCH4,18.3409211685144,-1.14192062797636,0.0321380923180409,0,NOT
LIN7B,45.1072361564718,-1.84087381170095,0.000142979945325866,0,NOT
ZNF222,103.461738390245,0.0223523109663671,0.970301494073656,0,NOT
MCF2,19.1327496839309,-1.63814886396151,0.0262580423654109,0,NOT
,1.60129213462957,-1.77398488686897,0.270138841960808,0,NOT
ENPP5,4.28163774271814,2.26833651189842,0.0354886880109063,0,UP
,1.03239131867033,-1.03543814736158,0.595662046113341,0,NOT
IRAK2,680.183080824209,-2.56996680817122,4.99318753933864e-11,1,DOWN
,11.0735059325892,-0.716367854881074,0.424874702825068,0,NOT
,4.5133300853195,-0.282579219068287,0.85829189057132,0,NOT
NDUFS3,1751.61333341786,0.247505834775725,0.545102214454813,1,NOT
C10orf129,0.523343508856874,0.54251650165692,0.799314342349007,0,NOT
HSPA7,251.365623375956,-3.33518610762221,2.26276611583639e-05,1,DOWN
,3.35105265118147,-2.05159625951236,0.170978528700396,0,NOT
BMP2KL,0.510120824933732,-1.55261160497462,0.421239125971531,0,NOT
,2.88423122806767,1.38103782762833,0.248727733577758,0,NOT
PLEKHO1,2122.81277700488,-1.43804307014951,8.55670689922773e-05,1,NOT
RPSAP56,1.34599894401781,0.416067975938552,0.807645384007895,0,NOT
CTSF,61.4605002450716,-2.54872954456062,2.44428467071597e-10,1,DOWN
CIDEB,0.63446909503526,-0.757346147137284,0.712638768344775,0,NOT
,13.5486933159151,-2.18623661427411,0.00666334094617805,0,DOWN
,2.92811688768899,-0.233019618583942,0.896971348071476,0,NOT
,0.5062395182791,0.0644098123282527,0.980820389679534,0,NOT
,0.676172734721154,1.17198817552155,0.556394837844312,0,NOT
CHERP,1024.53697721122,-0.3114033116878,0.480298577976291,1,NOT
GALM,208.073844321088,3.85807570582845,1.15736936058565e-08,1,UP
RNU6-5P,23.6577181776417,0.757388241765088,0.220992663975838,0,NOT
,151.852230635145,0.0177380489769688,0.966542739751521,1,NOT
DDI2,2079.43231096898,-0.0186564275127075,0.970751981164473,1,NOT
ZNF18,266.66843144443,-1.39606894187946,7.6825081066802e-10,1,NOT
GTF2H2C,1118.78675897094,1.32400142142679,0.00163857678858145,1,NOT
JMJD7,8.1656542144471,0.18646342566506,0.865409010003167,0,NOT
,1.1983858532452,-2.45322241460142,0.154835673150975,0,NOT
,1.87945195106003,-2.95284525221159,0.0571267581863345,0,NOT
CTPS1,1164.44943843908,1.48308925577869,1.16960324455108e-06,1,NOT
ACBD5,1117.35800886159,-1.0354615250434,0.000492904783985428,1,NOT
RPLP2,35847.7249441517,-1.74121121270457,0.000106524902506078,1,NOT
FLT3LG,10.7250226507812,-0.0784810763251672,0.944599030592887,0,NOT
AK8,15.5699712125978,-3.72938622632745,0.000172436637004985,0,DOWN
RILPL1,5.85479107308843,-2.48335279126049,0.00999370273600683,0,DOWN
PDIA6,11322.7016656308,2.83336319879657,3.90220680797948e-12,1,UP
,3.35827599862169,4.33012616793752,0.00140269231679435,0,UP
NFU1,724.730225995026,1.40385853122845,0.000773427585307639,1,NOT
LMOD3,5.15209802926341,-0.999608654076303,0.26232685735914,0,NOT
CDKN3,949.113794764915,6.66221610813968,2.38989394851717e-32,1,UP
,120.590797018282,-0.34560868886595,0.681876971069734,0,NOT
DNAH10,15.7375537560775,-3.0750348519334,4.26331207503341e-08,0,DOWN
TNFAIP3,2893.21062386551,-2.4253987065587,5.83221359708992e-06,1,DOWN
PIGZ,25.7016488190886,-1.91906479244148,0.00463235214538524,0,NOT
PRIM2,508.232387975318,3.47794378459612,3.27930966160848e-25,1,UP
SIN3A,4589.17555044475,-2.16267151699527,1.00673120985243e-09,1,DOWN
,1.69359586942023,1.58967080827887,0.3800650219179,0,NOT
SNORA20,7.5559360348526,-2.54830186282366,0.00271743687618826,0,DOWN
HLA-DPA1,15345.2897114718,-0.586575632418222,0.270545371779981,1,NOT
,38.6284432854106,4.34832127826928,1.55553456870367e-06,0,UP
SHROOM1,40.1516783861066,4.47763866861903,5.01196653854452e-12,1,UP
,1.30665292352458,-4.83371681875908,0.00367988102826331,0,DOWN
RNF40,2322.16223150132,0.141229824857924,0.780671628122809,1,NOT
RNF13,1257.90455608414,1.57858092537403,5.71248637382237e-06,1,NOT
FUCA1,447.201863589117,1.00190873984278,0.0591049767630254,1,NOT
IGHV1-45,319.791390205617,2.63479057045808,0.000482798057700931,0,UP
,68.9304765312349,3.18869447767995,4.05753506992039e-08,1,UP
,2.26794809292225,-0.608131923348591,0.681876971069734,0,NOT
UPF2,2643.83813806499,-0.668511534130392,0.0498489454717594,1,NOT
,0.637574670767255,-3.49411621411773,0.0510379766422668,0,NOT
FAM86C1,86.4876580748666,3.16313761401443,4.04811123634904e-08,1,UP
CICP20,0.68715009594951,-0.764822267098421,0.712662532843086,0,NOT
,2.89659850137156,-1.96165494940984,0.133041697941083,0,NOT
,228.372444508977,-7.46446851977041,6.88760035085872e-56,1,DOWN
UBE2E2-AS1,0.782180127250228,0,1,0,NOT
BZW2,947.65486854735,2.86958665630601,5.24233638842627e-14,1,UP
ANKRD20A3,14.2874513530779,2.21963647795026,0.0143125478347176,0,UP
SPRED2,11.3199818396308,1.3482375464586e-05,1,0,NOT
RNU7-133P,5.12694950053959,-6.86407082993846,2.91781920252583e-06,0,DOWN
,2.34660221719134,-4.61129208890696,0.0013572358770639,0,DOWN
MINOS1P2,1.99954241866739,0.66639995039125,0.682963570146717,0,NOT
,1.72285047959999,-3.97905626594355,0.00906031859687946,0,DOWN
TRAPPC1,1195.36626283309,2.33516180724733,5.81517336311947e-09,1,UP
MIEF2,123.336611673784,0.859222512043037,0.00947266104243652,1,NOT
TOX4,1982.3600476324,0.628771492283298,0.0751857416494393,1,NOT
C17orf103,178.528098666971,-2.25250054770825,3.1623016992034e-05,1,DOWN
FAM166B,1.722952784811,2.92683101071663,0.0606108756485691,0,NOT
SCARNA22,5.50133220801032,2.394859094896,0.0212832443176244,0,UP
MEA1,921.884302508732,2.90163279159962,6.83176224148938e-24,1,UP
,4.63501661886453,-2.51178907297711,0.0294209862917223,0,DOWN
,28.4390409333541,-0.0709121385625067,0.940041790172242,0,NOT
HMGA1P4,7.35068741920395,-1.0697014419982,0.249086370752778,0,NOT
RPL21P28,5785.83605328956,-1.98892773378526,0.00137902638084541,1,NOT
SRPK3,19.5303860652656,1.55972852517555,0.0568677760279471,0,NOT
,4.01887227036051,-6.22710962654224,2.77509568603064e-05,0,DOWN
ATP6V0CP1,0.629482366482252,-1.13391150165429,0.567552831381988,0,NOT
,3.2127770190914,-2.60549375080234,0.0545739750667643,0,NOT
,5.86000859818026,-1.04373331024567,0.370644910132724,0,NOT
,958.117298291691,-1.04840086547076,6.05159684391075e-05,1,NOT
CXorf57,310.229029506132,0.661366337274818,0.422878092312641,1,NOT
GANAB,12757.9642995413,1.95211965132851,3.62532299388659e-05,1,NOT
PLXNC1,1304.54703730016,1.29253514542455,0.00105216083598885,1,NOT
,1.43802339108091,-4.19237056729751,0.0131723181211101,0,DOWN
TTC39A,5.54422849237545,-2.2587194254638,0.00707349583803538,0,DOWN
,1.56565620526612,-0.537184107676069,0.735202771531883,0,NOT
ZFP28,36.1834667980169,0.0107697630781702,0.996757905815689,0,NOT
HDAC4,283.759568544807,-0.118228211475594,0.806212006444883,1,NOT
BIRC3,3220.74714710768,-2.16625025760378,2.99285358555168e-09,1,DOWN
,1.92662659956033,-0.573625681543966,0.765821996564883,0,NOT
LINC00189,1.86029896618247,1.44995751826455,0.325258467260222,0,NOT
RADIL,3.72185665522363,-2.65756472670567,0.0104648209345742,0,DOWN
HIST1H3E,23.3206101504646,3.78903338899928,0.00197370928077288,0,UP
,5.03316870196114,2.75037730654322,0.0550889830328609,0,NOT
GOT1,1145.85735455855,3.54006469224395,6.43862364156403e-22,1,UP
SSR2,11359.8687583253,0.696573778304091,0.0361787526974754,1,NOT
,1.66579895812333,-2.23855706871206,0.135424925686757,0,NOT
,307.459154704142,-0.936665417027984,0.189176744102984,1,NOT
,1.26229393306158,0,1,0,NOT
,1.8406308663241,1.62368446369209,0.359758904663722,0,NOT
,6.33350178454161,-2.50775895032203,0.0134469602011765,0,DOWN
UBE2V2P3,8.60271776873263,-4.10120057980128,8.55277386229601e-07,0,DOWN
,60.9147633998345,1.90410275062897,0.000366024324027316,0,NOT
HMGN2P32,0.489558313747105,2.18378477937219,0.242056714640749,0,NOT
TEX12,4.91883345878264,-3.63232423013281,0.000690487932239326,0,DOWN
CACNA1A,9.03455694882173,-2.98950959512001,0.0015646752679335,0,DOWN
C6orf223,22.8091030058734,7.81658452603603,5.20902621113333e-10,1,UP
TLDC1,201.85729326151,2.38638225367727,9.77740668992965e-11,1,UP
COLGALT1,1570.35158284093,-1.62965231869908,6.64085281480734e-06,1,NOT
GPR21,1.41897859504273,-3.00010102198936,0.0689529232279895,0,NOT
DNAL1,240.026199837074,0.716725036868106,0.0104806478040824,1,NOT
APC,1027.43139833341,-0.689933105806789,0.029658209076283,1,NOT
C8orf12,1.6119410766596,-3.73787777015396,0.0234085699994825,0,DOWN
,24.3709927951141,-2.15345605321435,0.00105216083598885,0,DOWN
NBPF18P,2.46751993060435,0.383958861554736,0.78362982551683,0,NOT
,11.0296298684496,-0.624382718265989,0.470482807228882,0,NOT
PTGFRN,0.576681617041836,2.30576226466862,0.213169675761554,0,NOT
CD86,1197.74698214929,2.56183391954427,2.48177557280166e-07,1,UP
PARGP1,366.350399577118,0.832426160261978,0.101402743497594,1,NOT
SUPT7L,1486.28276114188,-0.528998970495801,0.112606871423973,1,NOT
SESN1,664.644663824155,-2.28756590238741,9.45169536308221e-21,1,DOWN
,64.6163602117893,-1.3448378591764,0.079780450028759,1,NOT
CLCN7,1913.95073618595,-2.65493346604337,7.33112064192496e-17,1,DOWN
,263.623483878475,-1.63374219072323,0.00138179364564554,1,NOT
NPPA,6.00394225814792,0.241074607584765,0.820023519802846,0,NOT
,51.1581467903022,-1.82021243370828,0.00224335237132327,0,NOT
MZF1,390.860897976613,-1.15663932735174,0.0664963775453775,1,NOT
SRP9P1,1873.16845845998,1.59175079529114,4.89970130209911e-05,1,NOT
MIR1537,1.05452079327061,-4.43529842550542,0.00937534099606794,0,DOWN
TM7SF2,367.416001422754,1.02822309228139,0.00424976529662226,1,NOT
SUZ12,3562.59850811563,0.564297906644497,0.0997385131361746,1,NOT
PPP4R1L,489.793071408081,-3.05549648817542,4.3458655951178e-15,1,DOWN
MSR1,26.4461186592902,-3.85548501691223,1.54417232800041e-06,1,DOWN
PRKG2,5.80394982644156,0.0183717448204255,0.99284069027745,0,NOT
,17.0793072611287,-1.11072562918432,0.184811975015273,0,NOT
EID3,70.7122905310176,-2.77505415680765,4.81658380523888e-14,1,DOWN
RPL23P2,11.3408947830018,-1.90625510864258,0.0174347933792363,0,NOT
KIF22,1819.23960718498,1.30031358112517,0.000421031879166249,1,NOT
EAPP,1509.04506499264,-1.48780084344232,3.42459114392907e-05,1,NOT
,0.453062039816743,-1.56189577740443,0.412549366303415,0,NOT
,11.6024095367802,-3.44167386480926,0.000117827380614276,0,DOWN
,1.72017102266006,-2.0078651094479,0.172354515828896,0,NOT
TXNL1,3147.47104908142,0.587338837465459,0.122846909755328,1,NOT
,218.202670552729,-0.660959321732386,0.230792850091798,1,NOT
CCDC25,931.822885122053,1.54065672376531,3.14684638130358e-06,1,NOT
LRRC66,11.5589403200949,1.04894283743943,0.208629406991758,0,NOT
PJA2,6604.61836795478,-1.05948656137794,0.004252548804855,1,NOT
MSN,15603.9924839275,1.21920545879119,0.00647264311562177,1,NOT
,3.36097029448322,-3.74571658373864,0.00449058702279088,0,DOWN
PRKX,1574.99401582379,-1.70733328091402,6.83205087715345e-05,1,NOT
HMGN3-AS1,13.3740535063847,-0.158801403241084,0.858063037354531,0,NOT
PCED1A,423.351215367159,-2.46911700880203,3.83706581147231e-08,1,DOWN
SLC35E1,1679.61677763018,-0.230379761797928,0.642883772852613,1,NOT
CUL3,3202.18960616723,-1.07449989969836,0.00706479607889057,1,NOT
P2RY11,101.14658605838,-0.956350302170153,0.0327530821309489,1,NOT
,15.5793973171157,-0.968071152320444,0.213936524633442,0,NOT
MTHFD1,1994.8357820397,4.18462425680986,1.16467286675685e-28,1,UP
,1.25918968182864,-1.98968077698362,0.217915142555495,0,NOT
ZBTB40-IT1,14.5278974322452,-2.60501934733413,0.00434634586454815,0,DOWN
PLCD3,32.2339093148299,0.800466259292813,0.0746094395670169,0,NOT
,1.17691101105742,-1.66302797635225,0.364012483439175,0,NOT
,9.7232179320279,-1.14280305143683,0.292140504511423,0,NOT
,4.2533679568761,-0.0536002482708244,0.969485272154114,0,NOT
HOXB7,52.9891136862378,2.84587923233061,7.8438364958049e-06,1,UP
SHCBP1,2459.43294026064,6.33016022865892,1.14143001433401e-46,1,UP
,0.578735279178592,1.79290718396447,0.337053035328087,0,NOT
,6.94985763560724,-3.58708474546331,8.46334885366964e-05,0,DOWN
SBK1,52.7828622783963,-4.17853606653323,8.55479413697473e-07,1,DOWN
CCT8P1,27.5697830903709,1.66065500688929,0.000254089081198787,0,NOT
GOLGA8T,28.6809049300724,0.179647339193059,0.835375806366728,0,NOT
,3.36325078191698,-0.277965840119369,0.841994541886305,0,NOT
,3.98804863406889,0.325956202158921,0.780198127568644,0,NOT
PCP2,3.61212781941554,-1.72090790139502,0.140472078334509,0,NOT
LRMP,3270.1261103005,-0.620968465039857,0.0611337995792949,1,NOT
ANKRD20A11P,20.6476887437785,0.650921703404324,0.347093342845603,0,NOT
CLUAP1,140.063443348809,0.43914747406529,0.284252559510123,1,NOT
PPM1J,9.2548850732396,-4.89014522378132,2.40485371747754e-05,0,DOWN
CHMP1A,1406.92577865842,0.093603143011764,0.836472422761986,1,NOT
SPESP1,5.33503058122549,1.82761924084323,0.077206230030321,0,NOT
GNAZ,13.1483773347024,-0.974056011864696,0.186847135190121,0,NOT
GMPR2,1409.37817679618,0.245911171215118,0.323265501044569,1,NOT
,0.933821720274024,-4.26032571428464,0.0134562165826568,0,DOWN
ATP1B1,258.071974345746,-2.06049931548767,4.62468849752503e-05,1,DOWN
,1.67962388453953,-2.62471880816712,0.0701400633649663,0,NOT
,8.89385350895108,3.05345975109116,0.00183356744240721,0,UP
SIT1,524.848362480009,1.28255144254276,1.92136406260888e-05,1,NOT
RNA5SP383,6.3641585938107,-1.56577513518088,0.150005842802684,0,NOT
SMIM6,3.48045040017764,0.180729261611484,0.900272070091362,0,NOT
EEFSEC,412.092604978926,1.31956573076795,0.00089406439970703,1,NOT
BMPR1A,314.257710990169,0.70158713970909,0.115030691577276,1,NOT
,0.53329253573173,-1.94842955505207,0.305737937515383,0,NOT
COL11A2P1,0.671653976551588,-3.71034372331369,0.0364637973591932,0,DOWN
,4.96982173359227,-2.09046042190672,0.132925548199563,0,NOT
DNAJC3-AS1,58.6400741426204,4.69001805837971,2.11047909193635e-10,0,UP
YRDC,714.269329966163,-0.538019628099541,0.0343761640622874,1,NOT
,34.7439060464516,-1.45566293403414,0.0111947061077273,0,NOT
MIR548E,5.7895271394995,-6.79094685031896,1.85545261275372e-06,0,DOWN
MRPL49,1868.09013419655,1.09826246487507,1.3490479933318e-06,1,NOT
,0.842139279600694,-2.32917983072302,0.212720228141133,0,NOT
,1.93785732605908,0.518727537221026,0.787924398496332,0,NOT
PET112,375.930402535599,2.79690710708142,2.27372950739602e-25,1,UP
EPOR,134.603826844005,1.14539441598219,0.0514754489651194,1,NOT
PANK4,634.942890152123,-0.0803792638527333,0.827638615921425,1,NOT
PPCS,900.555020117066,-0.615856192933469,0.0156272127051336,1,NOT
,2.869113817398,4.59021883481256,0.00219544620557139,0,UP
TRBJ2-3,41.466431071422,1.14647015571862,0.0107500747682866,1,NOT
RTDR1,2.28936395896548,2.06105600929545,0.16050419111071,0,NOT
,17.6212479072555,-2.45013020718637,0.000652813491231098,0,DOWN
MID2,65.1103779726341,-2.2885665481356,7.37799035032971e-06,1,DOWN
KIAA1199,45.5398744077188,0.646463026231292,0.412948480300882,0,NOT
KIAA1644,0.815698371071701,-3.5413165500173,0.0478230168331586,0,DOWN
,3.39393704826312,-3.831329606333,0.00222858314106654,0,DOWN
,12.0321458250197,1.88802151117633,0.0634070361791964,0,NOT
CNIH1,2006.82339469808,0.531393026588534,0.307300454703188,1,NOT
RPS3A,71858.8626742015,-1.57871722694647,0.0395436205717216,1,NOT
MRPL15,1061.9560595955,2.85525266817723,5.81366281269559e-19,1,UP
,0.922092975387273,0.574589085111475,0.774751846522203,0,NOT
NSDHL,471.807720154818,2.88652113332907,1.63942904648767e-12,1,UP
DNLZ,1.92417439653876,-1.03793181196781,0.51983047734546,0,NOT
HERC1,3858.26911527902,-2.10612374569571,4.61975044113156e-14,1,DOWN
,3.0898345899386,-2.00285876937315,0.0957378645564106,0,NOT
MAP3K1,7029.62582801043,-3.70852814002593,9.91084752211715e-42,1,DOWN
BMP8B,1953.54801255174,2.96184067378379,7.07753909226726e-16,1,UP
PARP1P1,0.555175221137001,0.922496816409555,0.651496846223804,0,NOT
MAP3K3,1501.18621470775,-1.34748955699565,3.24641424631288e-05,1,NOT
TMEM151B,0.829043586789826,-1.26554778872831,0.493163592794134,0,NOT
,8.10139270478373,-4.68930855431366,6.63871363939235e-07,0,DOWN
ABCC3,5.02793615543971,-6.63458240192858,1.16936094258951e-05,0,DOWN
DNAJC27-AS1,11.0949585974384,1.76108264217996,0.0770562432578267,0,NOT
PDE1B,500.369936527004,-2.31750112206963,1.38473986369018e-05,1,DOWN
,7.82378458731915,-0.392489896996225,0.698026599415637,0,NOT
RNF216-IT1,1.15402865879739,-2.62103720444354,0.120907915412479,0,NOT
THNSL1,80.3271202563974,2.64162475559931,5.42074019388319e-07,1,UP
,1.85347296953083,-1.45785996418725,0.353585293658655,0,NOT
,1.87083780134857,-0.379068811718484,0.813685232170671,0,NOT
,21.892631967791,-2.40649071400798,0.00592920880754614,0,DOWN
NAA35,816.842294878684,0.391493682861519,0.112903888152239,1,NOT
EIF4BP8,1.81068654884573,-1.0291817110736,0.487847854017835,0,NOT
TMEM87B,1446.28519634162,0.0495507366769265,0.908046477199287,1,NOT
,26.1411016405472,-2.43000345379714,9.71221865460413e-05,0,DOWN
,1.36464426462466,1.84556521181154,0.301504925409605,0,NOT
LRCH1,874.938027532362,-1.23449945139072,0.00309835133896501,1,NOT
FAM170A,0.610016148365854,-0.862857816766119,0.663809840179018,0,NOT
LINC00402,0.791550403776283,-3.63688348664394,0.0388840999239088,0,DOWN
RNU6-1257P,0.571887508013301,-3.1073674061188,0.0854808638218625,0,NOT
SLC17A9,2691.67886340852,1.96069655938012,1.69898393168075e-06,1,NOT
